City,Cloudiness,Country,Date,Humidity,Lat,Lng,Max Temp,Wind Speed
Opunake,87,NZ,1586799408,84,-39.46,173.86,48.99,10.0
Pangnirtung,90,CA,1586798953,92,66.15,-65.71,17.6,13.87
Punta Arenas,75,CL,1586799188,62,-53.15,-70.92,51.8,31.09
Albany,90,US,1586799210,82,42.6,-73.97,63.0,20.8
Bredasdorp,2,ZA,1586799413,59,-34.53,20.04,60.8,6.02
Torbay,20,CA,1586799315,42,47.67,-52.73,48.0,16.11
Nishihara,40,JP,1586799415,51,26.18,127.76,62.6,16.11
Arkhipo-Osipovka,26,RU,1586799416,67,44.37,38.52,41.23,1.3
Kazachinskoye,0,RU,1586799417,81,57.7,93.28,37.98,7.58
Hilo,75,US,1586799351,78,19.73,-155.09,71.6,4.7
Severo-Kuril'sk,59,RU,1586799419,93,50.68,156.12,25.32,9.33
Shimoda,75,JP,1586799420,93,34.67,138.95,50.0,3.36
Flinders,0,AU,1586799269,93,-34.58,150.86,59.0,8.05
Camacha,40,PT,1586799423,87,33.08,-16.33,66.2,14.99
Ribeira Grande,40,PT,1586799425,68,38.52,-28.7,66.2,13.87
Arraial do Cabo,20,BR,1586799426,61,-22.97,-42.03,80.6,13.87
San Policarpo,81,PH,1586799427,77,12.18,125.51,80.73,8.63
Khatanga,100,RU,1586799428,97,71.97,102.5,18.91,3.51
Guerrero Negro,48,MX,1586799430,56,27.98,-114.06,65.59,15.55
Aklavik,90,CA,1586799431,98,68.22,-135.01,32.0,6.93
Tilichiki,3,RU,1586799432,88,60.47,166.1,2.34,7.81
Sørland,40,NO,1586799433,64,67.67,12.69,37.4,28.86
Sinnamary,55,GF,1586799435,68,5.38,-52.95,80.96,9.95
Tura,56,IN,1586799436,38,25.52,90.22,76.15,2.06
Yellowknife,20,CA,1586799334,56,62.46,-114.35,12.2,10.29
Iqaluit,75,CA,1586799440,67,63.75,-68.51,21.2,18.34
Ushuaia,75,AR,1586799441,71,-54.8,-68.3,50.0,26.4
Pangai,20,TO,1586799442,83,-19.8,-174.35,78.8,5.82
Kharp,33,RU,1586799443,87,66.8,65.81,13.48,5.73
Saint Paul Harbor,90,US,1586799444,87,57.79,-152.41,42.8,3.36
Bluff,91,NZ,1586799445,82,-46.6,168.33,45.0,11.99
Banjar,20,ID,1586799446,88,-8.19,114.97,82.4,3.36
Coquimbo,4,CL,1586799447,68,-29.95,-71.34,64.4,13.87
Carnarvon,40,AU,1586799448,88,-24.87,113.63,75.2,14.99
Mataura,83,NZ,1586799450,82,-46.19,168.86,45.0,11.99
Guaramirim,40,BR,1586799451,54,-26.47,-49.0,81.0,8.05
Rikitea,56,PF,1586799452,72,-23.12,-134.97,76.78,11.74
Clyde River,90,CA,1586799453,85,70.47,-68.59,14.0,23.04
Hermanus,17,ZA,1586799454,87,-34.42,19.23,61.0,3.15
Jacareacanga,90,BR,1586799455,94,-6.22,-57.75,77.0,2.24
Port Alfred,98,ZA,1586799456,88,-33.59,26.89,62.01,1.99
Longyearbyen,75,SJ,1586799457,66,78.22,15.64,15.8,11.41
Cherskiy,78,RU,1586799258,86,68.75,161.3,2.98,4.38
Kaputa,99,ZM,1586799461,68,-8.47,29.66,69.33,1.74
Iskateley,100,RU,1586799462,94,67.68,53.15,18.77,12.1
Sangar,3,RU,1586799463,93,63.92,127.47,16.12,10.74
Nikolskoye,75,RU,1586799464,84,59.7,30.79,39.2,8.95
Tateyama,75,JP,1586799465,87,34.98,139.87,46.4,12.75
Vaini,20,TO,1586799466,100,-21.2,-175.2,69.8,3.36
Jingdezhen,64,CN,1586799467,60,29.29,117.21,52.16,3.22
Hithadhoo,73,MV,1586799468,65,-0.6,73.08,85.82,5.53
Roald,75,NO,1586799439,80,62.58,6.13,37.0,13.87
Atuona,30,PF,1586799471,70,-9.8,-139.03,81.82,7.83
Antofagasta,13,CL,1586799296,60,-23.65,-70.4,68.0,11.41
El Retorno,96,CO,1586799473,38,2.33,-72.63,93.11,6.02
Hong Kong,92,HK,1586799330,37,22.29,114.16,70.0,2.24
Portland,1,US,1586799145,43,45.52,-122.68,57.0,6.93
San Patricio,20,MX,1586799341,61,19.22,-104.7,80.6,5.82
San Quintín,27,MX,1586799477,64,30.48,-115.95,62.56,15.64
Cidreira,100,BR,1586799478,64,-30.18,-50.21,74.7,12.3
Kahului,75,US,1586799479,94,20.89,-156.47,71.6,9.17
Dingle,7,PH,1586799480,84,11.0,122.67,78.08,5.77
Teya,0,RU,1586799482,91,60.38,92.63,30.97,2.08
Mahébourg,75,MU,1586799483,74,-20.41,57.7,78.8,11.41
Pevek,98,RU,1586799484,91,69.7,170.31,-2.24,2.66
Avarua,95,CK,1586799485,83,-21.21,-159.78,77.0,2.24
Bethel,90,US,1586799486,87,41.37,-73.41,61.0,18.34
Butaritari,91,KI,1586799487,80,3.07,172.79,83.07,16.53
Mórrope,68,PE,1586799488,29,-6.54,-80.01,66.2,6.93
Castro,9,BR,1586799490,34,-24.79,-50.01,76.28,2.53
Fortuna,1,US,1586799491,71,40.6,-124.16,57.0,7.52
Faanui,44,PF,1586799492,70,-16.48,-151.75,82.99,9.6
Benguela,75,AO,1586799493,70,-12.58,13.41,84.2,9.17
Casper,1,US,1586799221,57,42.87,-106.31,21.0,10.29
Srednekolymsk,100,RU,1586799495,97,67.45,153.68,17.71,2.1
Kalmunai,38,LK,1586799496,75,7.42,81.82,81.88,4.27
Okha,99,RU,1586799498,99,53.57,142.95,26.46,5.12
Banda Aceh,93,ID,1586799454,77,5.56,95.32,80.67,2.06
Kangaatsiaq,100,GL,1586799501,97,68.31,-53.46,31.5,25.72
George Town,20,MY,1586799434,88,5.41,100.34,84.2,3.36
Cape Town,75,ZA,1586799503,77,-33.93,18.42,62.01,6.93
Dickinson,5,US,1586799504,59,29.46,-95.05,64.99,12.75
Omboué,56,GA,1586799506,81,-1.57,9.26,80.83,5.19
São João da Barra,75,BR,1586799507,65,-21.64,-41.05,78.8,11.41
Nanortalik,83,GL,1586799508,92,60.14,-45.24,32.7,10.74
Bambous Virieux,75,MU,1586799509,74,-20.34,57.76,78.8,11.41
Qaanaaq,100,GL,1586799510,87,77.48,-69.36,21.96,2.19
Hobart,90,AU,1586799442,81,-42.88,147.33,53.6,10.29
Barrow,90,US,1586799301,92,71.29,-156.79,19.4,6.93
Marsh Harbour,94,BS,1586799515,79,26.54,-77.06,79.14,17.94
Te Karaka,35,NZ,1586799516,63,-38.47,177.87,53.55,7.65
Breytovo,100,RU,1586799517,62,58.3,37.86,44.53,15.93
Bandarbeyla,76,SO,1586799518,72,9.49,50.81,81.59,12.64
Shingū,87,JP,1586799519,68,33.73,135.98,48.18,13.85
Berlevåg,100,NO,1586799521,93,70.86,29.09,33.24,26.37
Alice Springs,92,AU,1586799429,55,-23.7,133.88,60.8,4.7
New Norfolk,90,AU,1586799523,81,-42.78,147.06,53.6,10.29
Khani,0,GE,1586799524,70,41.96,42.96,46.4,3.36
Ambilobe,90,MG,1586799526,74,-13.2,49.05,78.21,8.52
Ardakān,40,IR,1586799527,34,32.31,54.02,68.0,4.7
Nelson,47,NZ,1586799528,85,-41.28,173.28,46.0,11.86
Alekseyevsk,0,RU,1586799530,87,57.84,108.35,31.95,6.04
Mar del Plata,90,AR,1586799531,87,-38.0,-57.56,60.01,12.75
Tasiilaq,45,GL,1586799532,92,65.61,-37.64,30.2,11.41
Podyuga,100,RU,1586799533,80,61.09,40.86,37.18,11.39
Vostok,0,RU,1586799534,68,46.49,135.88,32.34,4.09
Luanda,40,AO,1586799535,74,-8.84,13.23,84.2,11.41
Kavieng,92,PG,1586799537,75,-2.57,150.8,82.87,4.36
Jamestown,90,US,1586799503,93,42.1,-79.24,59.0,12.75
Esperance,90,AU,1586799540,88,-33.87,121.9,64.4,4.7
Tiksi,36,RU,1586799541,88,71.69,128.87,-6.54,6.58
Kindu,96,CD,1586799542,84,-2.95,25.95,72.95,1.21
Pangoa,16,PE,1586799543,46,-12.12,-73.0,86.38,4.7
Upernavik,100,GL,1586799547,98,72.79,-56.15,32.07,5.93
Merauke,39,ID,1586799548,86,-8.47,140.33,78.26,11.03
Puerto Ayora,75,EC,1586799549,70,-0.74,-90.35,84.2,14.99
Vestmannaeyjar,90,IS,1586799550,93,63.44,-20.27,44.6,16.11
Chuzhou,90,CN,1586799551,48,32.32,118.3,55.0,5.93
‘Āhuimanu,75,US,1586799552,69,21.44,-157.84,77.0,5.82
Grand Gaube,75,MU,1586799554,74,-20.01,57.66,78.8,11.41
Qaqortoq,85,GL,1586799555,89,60.72,-46.03,32.94,13.35
Hasaki,75,JP,1586799556,81,35.73,140.83,43.0,18.34
Kapaa,90,US,1586799376,77,22.08,-159.32,69.8,6.93
Brookhaven,90,US,1586799558,77,31.58,-90.44,62.6,11.41
Mahuva,22,IN,1586799559,36,21.09,71.76,87.66,16.49
Chui,100,UY,1586799560,63,-33.7,-53.46,71.33,5.39
Howick,23,ZA,1586799561,94,-29.48,30.23,68.0,1.01
Safakulevo,72,RU,1586799563,64,54.99,62.54,40.5,5.17
Tel'ma,51,RU,1586799564,59,52.7,103.71,33.8,2.24
Fort Nelson,75,CA,1586799565,43,58.81,-122.7,35.6,5.82
Faya,74,SA,1586799566,82,18.39,42.45,66.2,5.82
Lebu,31,CL,1586799567,52,-37.62,-73.65,60.64,12.84
Chokurdakh,100,RU,1586799571,96,70.63,147.92,11.62,7.47
Ures,0,MX,1586799572,34,29.43,-110.4,75.99,7.0
Tsimmerbude,40,RU,1586799573,60,54.67,20.13,41.0,17.9
Ponta do Sol,40,PT,1586799574,59,32.67,-17.1,66.2,9.17
Saskylakh,97,RU,1586799575,94,71.92,114.08,13.42,8.19
Puerto Ayacucho,20,VE,1586799576,30,5.66,-67.62,96.8,14.99
Sioux Lookout,75,CA,1586799578,57,50.1,-91.92,23.0,11.41
Pangody,98,RU,1586799579,98,65.85,74.49,25.12,10.74
Camopi,97,GF,1586799580,83,3.17,-52.32,77.76,1.5
Lüderitz,0,NA,1586799581,67,-26.65,15.16,62.6,17.22
Camaná,85,PE,1586799582,70,-16.62,-72.71,74.03,7.99
Río Gallegos,93,AR,1586799583,55,-51.62,-69.22,57.2,32.21
Kieta,5,PG,1586799584,78,-6.22,155.63,80.19,1.83
Sabang,89,ID,1586799585,69,5.89,95.32,83.57,1.45
Östersund,100,SE,1586799589,80,63.18,14.64,32.0,21.92
Busselton,80,AU,1586799590,65,-33.65,115.33,59.0,5.14
Alyangula,59,AU,1586799591,94,-13.85,136.42,71.6,8.08
Laguna,1,US,1586799592,76,38.42,-121.42,64.0,3.36
Dikson,8,RU,1586799594,94,73.51,80.55,-0.36,3.83
Natitingou,10,BJ,1586799595,21,10.3,1.38,92.57,3.18
Rāzole,0,IN,1586799596,81,16.48,81.83,79.14,3.85
Pimentel,51,PE,1586799597,29,-6.84,-79.93,66.2,6.93
Shelburne,90,CA,1586799598,82,44.08,-80.2,57.2,12.75
Saint Anthony,75,US,1586799600,73,45.02,-93.22,36.0,10.29
Pisco,20,PE,1586799603,30,-13.7,-76.22,73.99,10.29
Jardim,6,BR,1586799604,43,-21.48,-56.14,90.0,5.66
Gizo Government Station,89,SB,1586799605,79,-8.1,156.84,81.41,3.56
Caohai,100,CN,1586799606,48,26.87,104.28,43.68,2.08
Nokaneng,93,BW,1586799607,32,-19.67,22.27,80.56,4.7
Belmonte,75,BR,1586799608,78,-15.86,-38.88,80.6,10.29
Sur,96,OM,1586799609,45,22.57,59.53,84.11,3.04
Douglas,40,US,1586799478,35,41.3,-96.17,41.0,14.99
Pemangkat,5,ID,1586799614,83,1.17,108.97,77.14,9.57
Kavaratti,77,IN,1586799615,76,10.57,72.64,84.65,10.31
Padang,86,ID,1586799491,76,-0.95,100.35,78.76,3.06
Karmāla,36,IN,1586799617,28,18.42,75.2,86.58,13.47
Saint George,1,US,1586799407,20,37.1,-113.58,60.01,6.15
Shenjiamen,32,CN,1586799619,61,29.96,122.3,55.11,4.63
Winston-Salem,90,US,1586799621,60,36.1,-80.24,75.2,11.41
Vardø,75,NO,1586799622,95,70.37,31.11,32.0,20.8
Vao,90,NC,1586799624,80,-22.67,167.48,75.81,11.9
Usinsk,0,RU,1586799626,95,65.99,57.53,18.32,9.57
Okhotsk,83,RU,1586799627,96,59.38,143.3,22.42,4.43
Mormugao,4,IN,1586799628,88,15.4,73.8,79.02,7.63
Farnes,40,NO,1586799629,84,61.32,7.8,32.0,21.92
Vryburg,56,ZA,1586799631,26,-26.96,24.73,72.39,8.08
Miramar,75,US,1586799597,55,25.99,-80.23,91.99,16.11
Bengkulu,100,ID,1586799634,79,-3.8,102.27,78.66,3.78
Basco,91,PH,1586799635,71,20.45,121.97,68.99,24.85
Ben Gardane,85,TN,1586799636,46,33.14,11.22,72.75,21.21
Port Macquarie,51,AU,1586799637,93,-31.43,152.92,57.99,4.54
Provideniya,91,RU,1586799638,95,64.38,-173.3,22.96,2.04
Comodoro Rivadavia,0,AR,1586799540,40,-45.87,-67.5,68.0,12.75
Shakhtinsk,1,KZ,1586799641,86,49.71,72.59,37.4,6.71
Nantucket,90,US,1586799528,93,41.28,-70.1,55.4,23.04
Orotukan,68,RU,1586799643,87,62.27,151.7,10.11,2.39
Ulladulla,16,AU,1586799597,93,-35.35,150.47,53.6,8.05
Leningradskiy,26,RU,1586799645,86,69.38,178.42,5.29,2.64
Valparaíso,15,CL,1586799647,46,-33.04,-71.63,69.8,4.7
Ilulissat,75,GL,1586799648,86,69.22,-51.1,32.0,5.82
Geraldton,16,AU,1586799650,77,-28.77,114.6,68.0,12.75
Doha,75,QA,1586799651,77,25.29,51.53,71.6,11.41
Narsaq,95,GL,1586799652,88,60.92,-46.05,33.6,15.03
Hearst,100,CA,1586799654,95,49.68,-83.67,21.92,17.16
Airai,50,TL,1586799655,71,-8.93,125.41,61.5,2.04
Las Vegas,1,US,1586799450,12,36.17,-115.14,68.0,4.7
Huizhou,87,CN,1586799657,60,23.08,114.4,70.0,2.64
Benjamin Constant,40,BR,1586799659,74,-4.38,-70.03,84.2,4.7
Cascais,20,PT,1586799661,51,38.7,-9.42,61.0,4.7
Souillac,75,MU,1586799662,74,-20.52,57.52,78.8,11.41
Palmer,90,US,1586799663,87,42.16,-72.33,61.0,27.51
Sungai Penuh,95,ID,1586799665,74,-2.08,101.38,67.19,1.32
Talnakh,75,RU,1586799666,92,69.49,88.4,19.4,20.13
Port Elizabeth,28,ZA,1586799419,72,-33.92,25.57,60.8,11.41
Inhambane,20,MZ,1586799668,83,-23.86,35.38,78.8,11.41
Banamba,77,ML,1586799669,29,13.55,-7.45,91.22,7.58
Oranjemund,1,NA,1586799671,84,-28.55,16.43,57.16,9.82
Yulara,98,AU,1586799478,35,-25.24,130.99,73.4,8.05
Pombas,20,CV,1586799673,57,17.15,-25.02,78.8,18.34
Poum,100,NC,1586799674,80,-20.23,164.02,78.96,10.13
Port Hawkesbury,90,CA,1586799675,93,45.62,-61.35,48.0,9.17
San Ramon,1,US,1586799676,71,37.78,-121.98,64.0,1.48
Sumbe,77,AO,1586799677,84,-11.21,13.84,78.87,3.67
Puerto del Rosario,40,ES,1586799679,53,28.5,-13.86,73.4,5.82
Adrar,70,MR,1586799680,11,20.5,-10.07,93.78,8.84
Hervey Bay,55,AU,1586799681,82,-25.3,152.85,68.0,8.05
Marawi,40,PH,1586799682,67,8.0,124.29,67.19,2.53
Mushie,92,CD,1586799683,71,-3.02,16.9,78.73,2.06
Mogok,0,MM,1586799684,31,22.92,96.5,68.36,3.13
Hamilton,90,US,1586799685,75,39.18,-84.53,44.01,14.99
Kruisfontein,26,ZA,1586799686,79,-34.0,24.73,56.95,6.82
Sola,100,VU,1586799687,82,-13.88,167.55,81.41,20.11
Øksfjord,40,NO,1586799689,69,70.24,22.35,35.6,38.03
Villa de Reyes,5,MX,1586799690,14,21.8,-100.93,75.2,13.87
Novobirilyussy,3,RU,1586799691,69,56.95,90.67,39.16,8.08
Tieli,39,CN,1586799692,45,46.95,128.05,47.53,3.69
Tazovsky,95,RU,1586799693,97,67.47,78.7,17.58,9.37
Hue,100,VN,1586799694,88,16.47,107.6,67.6,3.78
Isangel,100,VU,1586799695,74,-19.55,169.27,78.01,8.52
Kachug,18,RU,1586799696,75,53.96,105.88,32.09,2.26
Nísia Floresta,20,BR,1586799697,46,-6.09,-35.21,91.4,9.17
Ust-Nera,100,RU,1586799507,88,64.57,143.2,18.07,1.79
Najrān,40,SA,1586799700,37,17.49,44.13,84.2,6.93
Nome,90,US,1586799702,100,64.5,-165.41,21.99,3.36
Ostrovnoy,100,RU,1586799703,94,68.05,39.51,32.34,20.36
Kumul,53,CN,1586799704,19,42.8,93.45,66.24,5.19
Abu Dhabi,69,AE,1586799606,65,24.47,54.37,84.2,10.29
Seryshevo,42,RU,1586799706,76,51.09,128.38,35.02,10.8
Galveston,20,US,1586799430,63,29.37,-94.97,64.99,18.34
Kargasok,88,RU,1586799691,96,59.06,80.86,35.29,3.91
Aswān,0,EG,1586799709,17,24.09,32.91,74.5,12.91
Graham,1,US,1586799711,37,47.05,-122.29,55.99,3.36
Kununurra,0,AU,1586799712,94,-15.77,128.73,73.4,3.24
Yangi Marg`ilon,90,UZ,1586799713,82,40.43,71.72,55.4,4.7
Belomorsk,100,RU,1586799714,95,64.52,34.77,37.83,7.67
Belyy Yar,100,RU,1586799715,60,53.6,91.39,39.2,2.24
Mandalgovi,18,MN,1586799716,29,45.76,106.27,43.0,0.54
Taseyevo,0,RU,1586799717,81,57.22,94.9,38.25,8.16
Thompson,75,CA,1586799718,55,55.74,-97.86,8.6,4.7
Agadez,0,NE,1586799720,11,19.75,10.25,87.6,7.4
Gävle,100,SE,1586799721,42,60.67,17.14,39.0,15.99
Ingham,90,US,1586799722,74,42.6,-84.38,42.8,29.97
Merrill,90,US,1586799507,54,45.18,-89.68,30.99,18.34
Saýat,75,TM,1586799724,82,38.78,63.88,59.0,4.7
Chipinge,69,ZW,1586799725,47,-20.19,32.62,67.08,7.29
Jimo,14,CN,1586799726,47,36.39,120.46,55.0,4.47
Ürümqi,99,CN,1586799727,24,43.8,87.6,68.0,8.95
Sistranda,75,NO,1586799728,69,63.73,8.83,35.6,21.92
Atasū,4,KZ,1586799661,47,48.68,71.64,48.38,6.98
Tuatapere,94,NZ,1586799731,81,-46.13,167.68,45.0,11.99
Rawson,0,AR,1586799732,38,-43.3,-65.1,64.29,3.67
Bilibino,89,RU,1586799733,89,68.05,166.44,3.34,1.34
Tongzi,91,CN,1586799479,63,28.78,105.09,57.56,0.51
Sémbé,20,CG,1586799735,64,1.65,14.58,78.6,2.26
Los Llanos de Aridane,75,ES,1586799736,77,28.66,-17.92,66.2,4.7
Mount Gambier,43,AU,1586799737,81,-37.83,140.77,53.6,10.29
Coahuayana Viejo,40,MX,1586799738,39,18.73,-103.68,82.4,5.95
Richards Bay,18,ZA,1586799739,86,-28.78,32.04,73.33,13.78
Mugumu,96,TZ,1586799742,62,-1.85,34.7,63.27,1.74
Cap Malheureux,75,MU,1586799743,74,-19.98,57.61,78.8,11.41
College,90,US,1586799744,89,64.86,-147.8,37.4,3.36
Kiryat Gat,63,IL,1586799746,68,31.61,34.76,64.99,9.17
Beckley,90,US,1586799747,82,37.78,-81.19,64.4,17.22
Labuhan,63,ID,1586799748,85,-6.88,112.21,77.5,1.59
Santiago,6,CL,1586799662,43,-33.46,-70.65,69.8,3.36
Kyzyl-Suu,96,KG,1586799751,34,42.34,78.0,48.29,5.5
Jackson,1,US,1586799514,45,42.42,-122.83,55.0,2.08
Shaunavon,100,CA,1586799754,76,49.65,-108.42,20.17,16.87
Maraã,79,BR,1586799755,81,-1.83,-65.37,83.77,3.13
Viedma,1,AR,1586799756,37,-40.81,-63.0,67.42,12.26
Sechura,95,PE,1586799757,66,-5.56,-80.82,77.63,8.34
East London,100,ZA,1586799758,83,-33.02,27.91,68.07,2.86
Takoradze,35,GH,1586799759,79,4.88,-1.76,83.1,8.05
Hayden,1,US,1586799760,38,47.77,-116.79,46.99,3.36
Walvis Bay,32,NA,1586799761,72,-22.96,14.51,66.2,10.29
Margate,20,GB,1586799762,56,51.38,1.39,46.99,12.75
Taos,90,US,1586799734,80,36.41,-105.57,33.8,18.34
Yerbogachën,42,RU,1586799765,81,61.28,108.01,33.84,1.52
Cabo Rojo,13,PR,1586799766,69,18.09,-67.15,88.0,7.74
Tuktoyaktuk,90,CA,1586799767,79,69.45,-133.04,24.8,10.29
Westport,90,US,1586799768,87,41.14,-73.36,60.01,31.09
Turukhansk,100,RU,1586799770,92,65.82,87.98,34.48,8.97
Sulphur Springs,1,US,1586799771,57,33.14,-95.6,53.01,17.22
Narrabri,2,AU,1586799772,82,-30.32,149.78,55.99,5.82
Petropavlovsk-Kamchatskiy,23,RU,1586799773,79,53.05,158.65,23.0,4.47
Champasak,100,LA,1586799775,86,14.75,106.0,72.97,1.52
Roebourne,60,AU,1586799776,58,-20.78,117.13,84.38,3.96
Deputatsky,100,RU,1586799777,86,69.3,139.9,-0.45,8.23
Sheoganj,93,IN,1586799778,16,25.15,73.07,87.26,6.11
São Mateus,32,BR,1586799779,65,-18.72,-39.86,79.92,14.18
Saint-Pierre,97,RE,1586799780,83,-21.34,55.48,77.0,4.7
Bira,67,RU,1586799781,61,49.0,132.47,44.19,3.87
Zwedru,98,LR,1586799782,76,6.07,-8.13,80.51,5.61
Nuuk,90,GL,1586799701,86,64.18,-51.72,30.2,24.16
Derzhavīnsk,85,KZ,1586799784,54,51.1,66.32,44.55,9.48
Belle Fourche,61,US,1586799785,62,44.67,-103.85,26.01,21.92
Kilrush,20,IE,1586799787,54,52.64,-9.48,59.0,12.75
Sambava,51,MG,1586799788,90,-14.27,50.17,75.69,7.4
Nabire,100,ID,1586799639,89,-3.37,135.48,74.8,2.93
Port Blair,54,IN,1586799762,69,11.67,92.75,83.12,4.94
Torrington,90,US,1586799711,87,41.8,-73.12,61.0,24.16
Yenagoa,82,NG,1586799793,81,4.92,6.26,81.82,3.56
Mozhga,100,RU,1586799794,85,56.44,52.23,36.43,11.54
Cabo San Lucas,20,MX,1586799590,53,22.89,-109.91,77.0,8.05
Rocha,100,UY,1586799506,59,-34.48,-54.33,71.17,5.12
Kendari,85,ID,1586799798,87,-3.94,122.5,77.02,0.51
Honningsvåg,75,NO,1586799799,86,70.98,25.97,33.8,27.51
Kalabo,97,ZM,1586799800,49,-14.97,22.68,72.01,3.49
Xudat,5,AZ,1586799801,65,41.63,48.68,44.29,8.34
Praia,79,CV,1586799742,51,14.92,-23.51,84.2,13.87
Klaksvík,100,FO,1586799803,75,62.23,-6.59,42.8,12.75
Sitka,90,US,1586799804,87,57.05,-135.33,42.8,4.65
Dalton,75,US,1586799600,59,34.77,-84.97,69.01,9.17
Pampa,90,US,1586799807,39,35.54,-100.96,34.0,5.82
Lagos,20,NG,1586799518,66,6.58,3.75,87.8,5.82
Sikeston,40,US,1586799707,47,36.88,-89.59,48.99,9.17
Greenville,75,US,1586799530,73,35.61,-77.37,73.4,19.46
Brae,100,GB,1586799813,64,60.4,-1.35,41.0,10.29
Krasnyy Chikoy,94,RU,1586799814,54,50.36,108.75,36.05,5.75
Presidencia Roque Sáenz Peña,99,AR,1586799815,48,-26.79,-60.44,71.8,10.07
Yumen,85,CN,1586799816,19,40.28,97.2,54.97,1.01
Talaya,90,RU,1586799818,87,61.38,152.75,8.85,2.26
Vila Franca do Campo,40,PT,1586799661,67,37.72,-25.43,62.6,12.75
Lompoc,90,US,1586799810,82,34.64,-120.46,64.99,5.82
Gondal,36,IN,1586799822,34,21.97,70.8,91.0,8.52
Hukuntsi,57,BW,1586799556,22,-24.0,21.75,78.62,6.02
Kirs,92,RU,1586799825,91,59.34,52.24,32.77,5.37
Tuy Hoa,100,VN,1586799827,86,13.08,109.3,75.97,13.38
Auki,71,SB,1586799828,78,-8.77,160.7,81.52,5.7
Bara,49,NG,1586799829,13,10.37,10.73,93.43,0.6
Den Helder,90,NL,1586799652,70,52.96,4.76,46.99,13.87
Khāsh,96,IR,1586799831,40,28.22,61.22,64.98,7.67
Zhuhai,20,CN,1586799832,55,22.28,113.57,70.0,1.12
Ahipara,72,NZ,1586799833,69,-35.17,173.17,63.12,21.03
Xining,79,CN,1586799834,23,36.62,101.77,43.61,0.76
Barabai,96,ID,1586799836,93,-2.58,115.38,74.1,1.23
Farkhor,90,TJ,1586799837,100,37.49,69.4,59.0,4.47
Smithers,90,CA,1586799605,55,54.78,-127.17,35.6,2.24
Ketchikan,90,US,1586799669,65,55.34,-131.65,44.6,4.7
Agirish,100,RU,1586799840,93,61.92,63.02,35.69,9.13
Mingyue,2,CN,1586799841,50,43.11,128.92,43.77,3.83
Linxia Chengguanzhen,54,CN,1586799842,27,35.6,103.21,47.57,2.95
Cobija,84,BO,1586799843,43,-11.03,-68.77,90.81,6.31
Hīt,0,IQ,1586799845,22,33.64,42.83,70.97,3.33
Trairi,100,BR,1586799846,78,-3.28,-39.27,83.34,6.62
Rome,90,US,1586799844,82,43.21,-75.46,66.99,13.87
Sakakah,0,SA,1586799561,13,29.97,40.21,75.2,4.7
Newport,0,GB,1586799634,49,51.59,-3.0,53.6,19.46
Saint-Philippe,99,RE,1586799850,83,-21.36,55.77,77.0,4.7
La Primavera,39,CO,1586799851,33,5.49,-70.41,95.9,10.04
Marfino,87,RU,1586799852,23,55.7,37.38,55.4,6.71
Constitución,44,CL,1586799752,44,-35.33,-72.42,63.19,13.69
Port Hedland,75,AU,1586799854,83,-20.32,118.57,80.6,3.36
Verkhnyaya Inta,0,RU,1586799856,92,65.98,60.31,19.87,11.41
Meulaboh,99,ID,1586799858,81,4.14,96.13,80.74,3.98
Folldal,90,NO,1586799860,85,62.13,10.0,20.35,18.61
Batemans Bay,21,AU,1586799813,100,-35.72,150.18,55.99,3.98
Catuday,21,PH,1586799862,76,16.29,119.81,77.9,1.77
Pacific Grove,90,US,1586799721,71,36.62,-121.92,59.0,4.09
Saint-Augustin,41,CA,1586799864,91,51.23,-58.65,34.65,12.55
Kaitangata,79,NZ,1586799866,77,-46.28,169.85,44.01,20.83
Loa Janan,82,ID,1586799867,96,-0.58,117.09,74.66,1.52
Brigantine,90,US,1586799843,82,39.41,-74.36,64.99,23.04
San Andrés,20,CO,1586799588,66,12.58,-81.7,87.8,13.87
Rajshahi,0,BD,1586799870,44,24.37,88.6,82.98,7.67
Preobrazheniye,0,RU,1586799871,75,42.9,133.91,36.34,3.42
Champerico,75,GT,1586799873,44,14.3,-91.92,95.0,9.17
Grindavik,75,IS,1586799874,75,63.84,-22.43,42.8,26.4
Ponta Delgada,40,PT,1586799875,67,37.73,-25.67,62.6,12.75
Touros,20,BR,1586799788,46,-5.2,-35.46,91.4,9.17
Varhaug,40,NO,1586799878,60,58.61,5.65,41.0,31.09
Fairbanks,90,US,1586799602,100,64.84,-147.72,36.0,4.7
Bathsheba,40,BB,1586799880,55,13.22,-59.52,87.8,18.34
Novosheshminsk,97,RU,1586799881,88,55.07,51.23,35.87,9.08
Port Moresby,40,PG,1586799647,94,-9.44,147.18,78.8,5.82
Nuevo Progreso,9,MX,1586799884,22,23.17,-97.95,96.01,13.0
Amboasary,0,MG,1586799885,80,-25.03,46.38,75.58,5.84
Copacabana,75,CO,1586799886,61,6.35,-75.51,77.0,2.24
La Baule-Escoublac,41,FR,1586799887,56,47.29,-2.36,68.0,13.87
Sørkjosen,72,NO,1586799888,86,69.8,20.93,34.52,17.85
Liverpool,0,GB,1586799889,46,53.41,-2.98,52.0,9.17
Santa Vitória do Palmar,100,BR,1586799892,62,-33.52,-53.37,71.94,5.35
Sawākin,8,SD,1586799893,62,19.11,37.33,75.51,10.38
Hofn,90,IS,1586799894,87,64.25,-15.21,46.4,24.16
Tommot,100,RU,1586799785,93,58.96,126.29,29.43,4.54
Sisimiut,98,GL,1586799896,96,66.94,-53.67,31.06,35.05
Trat,84,TH,1586799898,77,12.5,102.5,74.82,4.05
Bulalacao,36,PH,1586799901,79,12.33,121.34,79.47,11.92
Luwuk,59,ID,1586799902,73,-0.95,122.79,80.49,2.64
Bayir,10,TR,1586799903,63,37.27,28.22,60.8,5.82
Katangli,100,RU,1586799904,97,51.71,143.23,27.72,3.2
Poopó,85,BO,1586799905,8,-18.37,-66.97,56.03,8.32
Makkah al Mukarramah,2,SA,1586799830,42,21.43,39.83,70.95,4.38
Elko,1,US,1586799907,25,41.0,-115.5,41.0,10.29
Bubaque,4,GW,1586799908,71,11.28,-15.83,80.01,14.18
Ustka,17,PL,1586799911,64,54.58,16.86,41.43,20.33
Baykal'sk,92,RU,1586799912,71,51.51,104.15,32.14,2.57
Egvekinot,68,RU,1586799913,85,66.32,-179.17,9.7,0.56
Katsuura,75,JP,1586799914,87,35.13,140.3,46.4,12.75
Karratha,45,AU,1586799916,61,-20.74,116.85,83.73,2.71
Matamoros,5,MX,1586799650,8,25.53,-103.25,77.0,4.7
Domoni,98,KM,1586799918,78,-12.26,44.53,83.28,10.0
Haysville,75,US,1586799919,32,37.56,-97.35,42.8,16.11
Kamuli,47,UG,1586799920,66,0.95,33.12,68.29,2.01
Charters Towers,1,AU,1586799921,83,-20.1,146.27,68.38,7.36
Panguna,1,PG,1586799922,81,-6.32,155.48,70.88,1.5
Coria,80,ES,1586799923,67,39.99,-6.54,63.0,5.01
Senno,100,RU,1586799924,89,59.53,33.92,42.26,5.06
Vestmanna,100,FO,1586799925,75,62.16,-7.17,42.8,12.75
Aksu,94,CN,1586799928,16,41.12,80.26,65.16,4.25
Yomou,97,GN,1586799929,61,7.56,-9.27,81.77,2.66
Tarsus,3,TR,1586799891,55,36.92,34.88,62.6,3.36
Caravelas,81,BR,1586799931,80,-17.71,-39.25,78.39,21.16
Camargo,0,MX,1586799932,9,27.67,-105.17,77.9,10.94
Makakilo City,1,US,1586799933,78,21.35,-158.09,77.0,3.36
Laas,80,IT,1586799935,40,46.62,10.7,69.8,3.36
Hongjiang,100,CN,1586799936,56,27.11,110.0,58.64,1.92
Havelock,75,US,1586799775,73,34.88,-76.9,72.0,25.28
Samarai,93,PG,1586799840,80,-10.62,150.67,79.66,8.01
Salym,98,RU,1586799940,91,60.06,71.48,37.27,4.56
Salalah,20,OM,1586799818,74,17.02,54.09,82.4,9.17
Görele,0,TR,1586799942,66,41.03,39.0,50.0,6.93
Zuya,6,UA,1586799943,55,45.05,34.32,42.91,4.88
Yar-Sale,41,RU,1586799945,96,66.83,70.83,13.57,9.98
Bria,99,CF,1586799946,44,6.54,21.99,81.09,3.87
Seymchan,88,RU,1586799947,92,62.88,152.43,14.25,2.19
Malbork,49,PL,1586799730,48,54.04,19.03,44.01,18.34
Salihli,0,TR,1586799949,42,38.48,28.15,58.78,3.31
Kholm-Zhirkovskiy,66,RU,1586799950,63,55.52,33.47,51.24,16.58
Gra Lygia,5,GR,1586799951,77,35.02,25.68,64.0,1.83
Baijiantan,88,CN,1586799712,48,45.63,85.18,65.97,6.85
Ancud,90,CL,1586799755,71,-41.87,-73.82,55.4,5.82
Yong’an,45,CN,1586799954,28,39.7,113.69,48.61,3.27
Saldanha,3,ZA,1586799956,72,-33.01,17.94,60.8,9.17
Dawei,22,MM,1586799957,76,14.08,98.2,78.48,5.95
Anadyr,90,RU,1586799730,84,64.75,177.48,8.6,6.71
Vinkovci,92,HR,1586799959,49,45.29,18.8,71.6,13.87
Yantzaza,75,EC,1586799960,65,-3.83,-78.76,77.0,6.93
Vilyuysk,47,RU,1586799961,94,63.76,121.62,14.67,4.88
Alvorada,58,BR,1586799962,59,-12.48,-49.12,87.33,4.34
Isnos,75,CO,1586799963,43,1.94,-76.24,71.92,2.57
Harper,100,LR,1586799964,74,4.38,-7.72,83.05,6.85
Zuwārah,85,LY,1586799965,54,32.93,12.08,70.27,20.18
Kholtoson,100,RU,1586799967,58,50.3,103.31,29.77,3.56
Cayenne,49,GF,1586799968,94,4.93,-52.33,77.0,9.24
Hurghada,0,EG,1586799969,40,27.26,33.81,73.4,9.17
Ladário,75,BR,1586799970,59,-19.0,-57.6,89.6,3.36
Barra de Tecoanapa,29,MX,1586799971,51,16.52,-98.75,87.17,10.45
Bakel,67,SN,1586799973,11,14.9,-12.46,104.86,8.77
Kutum,62,SD,1586799975,12,14.2,24.67,73.92,9.91
Izmalkovo,32,RU,1586799976,52,52.69,37.96,48.15,13.15
Hambantota,52,LK,1586799977,81,6.12,81.12,81.73,8.52
Arkhara,99,RU,1586799978,59,49.42,130.08,42.3,14.16
Ban Nahin,72,LA,1586799979,66,18.24,104.21,65.07,3.85
Majene,69,ID,1586799980,81,-3.54,118.97,77.95,3.62
Manoel Urbano,67,BR,1586799981,51,-8.84,-69.26,89.33,5.17
Dunedin,59,NZ,1586799759,86,-45.87,170.5,43.0,27.0
Tezpur,76,IN,1586799983,36,26.63,92.8,79.9,0.45
Fenoarivo,75,MG,1586799984,82,-18.93,47.44,66.2,9.17
Arak,46,IR,1586799986,29,34.09,49.69,48.99,5.03
Codrington,58,AU,1586799987,55,-38.27,141.97,56.84,9.55
Garmsār,44,IR,1586799988,35,35.22,52.34,56.07,9.04
Progreso,75,MX,1586799989,44,21.28,-89.67,102.99,13.87
Morant Bay,20,JM,1586799990,70,17.88,-76.41,87.01,27.51
Valley City,75,US,1586799991,53,46.92,-98.0,24.8,20.8
Boyolangu,65,ID,1586799992,78,-8.12,111.89,75.96,1.28
Thunder Bay,90,CA,1586799993,54,48.4,-89.32,32.0,19.46
Anito,88,PH,1586799994,82,12.45,125.29,78.46,6.93
Visim,59,RU,1586799995,87,57.65,59.5,31.32,2.01
Kristinestad,99,FI,1586799997,91,62.27,21.38,33.33,21.85
Bukachacha,96,RU,1586799998,72,52.98,116.92,30.65,5.03
Arrondissement de Montbrison,100,FR,1586799999,34,45.67,4.08,68.0,4.7
Bozoum,60,CF,1586800000,46,6.32,16.38,79.7,0.98
Olafsvik,76,IS,1586800001,75,64.89,-23.71,39.96,30.11
Esim,48,GH,1586800002,78,4.87,-2.24,83.14,7.83
Luganville,93,VU,1586800004,84,-15.53,167.17,77.04,9.13
Puerto Madero,5,MX,1586800005,44,14.72,-92.42,95.0,8.05
Halifax,90,CA,1586799904,87,44.65,-63.57,54.0,14.99
Nanpiao,42,CN,1586800008,35,41.1,120.75,54.0,5.39
Kéfalos,0,GR,1586800010,67,36.75,26.96,62.6,2.24
Kibondo,95,TZ,1586800011,67,-3.59,30.72,63.39,1.95
Türkan,0,AZ,1586800012,76,40.36,50.22,48.2,11.41
Verkhoyansk,80,RU,1586800013,87,67.54,133.38,5.25,3.65
Vila Velha,40,BR,1586799807,65,-20.33,-40.29,78.8,8.05
Kuching,20,MY,1586800015,94,1.55,110.33,75.2,2.24
Gamba,93,GA,1586800016,83,-2.65,10.0,80.42,7.61
Guiratinga,9,BR,1586800017,49,-16.35,-53.76,87.55,4.05
Ardatov,9,RU,1586800019,68,55.24,43.1,39.72,7.18
Orlik,1,RU,1586800020,68,52.52,99.83,21.29,1.41
Zhuanghe,22,CN,1586800021,50,39.7,122.99,46.99,10.09
Kingston,20,JM,1586800022,70,18.0,-76.79,87.01,27.51
Vite,32,IN,1586800023,49,17.28,74.55,78.66,8.95
Tevaitoa,26,PF,1586800024,72,-16.78,-151.5,83.5,9.44
Leirvik,75,NO,1586799827,64,59.78,5.5,39.2,28.86
Digby,100,CA,1586800026,47,44.62,-65.77,62.01,18.99
Kurmanayevka,98,RU,1586800027,85,52.51,52.07,36.41,12.44
Mumford,43,GH,1586800028,78,5.26,-0.76,83.01,10.16
Hirara,97,JP,1586800030,59,24.8,125.28,63.48,19.24
Huarmey,33,PE,1586800031,58,-10.07,-78.15,80.98,9.13
Mitú,100,CO,1586800032,48,1.2,-70.17,90.32,3.29
Hay River,75,CA,1586800033,46,60.82,-115.8,28.4,4.7
Llangefni,0,GB,1586800034,53,53.26,-4.31,50.0,19.46
Buala,29,SB,1586800035,79,-8.14,159.59,82.44,7.92
Imbituba,40,BR,1586799985,65,-28.24,-48.67,78.8,14.99
Nizwá,99,OM,1586799862,15,22.93,57.53,84.58,1.72
Bredy,94,RU,1586800039,73,52.42,60.34,35.44,12.44
Paoua,48,CF,1586800040,38,7.24,16.44,83.88,2.71
Vanavara,0,RU,1586800041,88,60.34,102.28,31.32,2.68
Mayo,90,US,1586799758,61,38.89,-76.51,75.99,20.8
Kenai,90,US,1586800043,100,60.55,-151.26,37.99,1.5
Polunochnoye,100,RU,1586800044,91,60.87,60.42,36.61,8.72
Victor Harbor,8,AU,1586800045,54,-35.57,138.62,66.0,5.17
Tezu,10,IN,1586800047,41,27.92,96.17,72.57,3.74
Prieska,41,ZA,1586800048,20,-29.66,22.75,74.82,11.27
Yanam,0,IN,1586800049,76,16.73,82.22,81.39,5.61
Texarkana,75,US,1586799779,57,33.43,-94.05,53.01,5.82
Mitsamiouli,100,KM,1586800051,78,-11.38,43.28,83.89,14.34
Poronaysk,58,RU,1586800052,94,49.22,143.12,29.12,1.63
Eirunepé,90,BR,1586799833,52,-6.66,-69.87,88.61,4.0
Necochea,100,AR,1586800054,80,-38.55,-58.74,62.01,4.0
Visby,34,SE,1586800055,55,57.64,18.3,42.01,16.11
Suchedniów,89,PL,1586800057,100,51.05,20.83,48.99,10.69
Miraflores,20,MX,1586800058,12,19.22,-98.81,82.4,4.7
Mexico,75,PH,1586800059,88,15.06,120.72,82.4,6.93
La Rioja,26,ES,1586800032,45,42.25,-2.5,66.2,5.82
San Juan,0,AR,1586799847,27,-31.54,-68.54,72.09,6.62
Kyaikkami,36,MM,1586800063,68,16.08,97.57,83.1,10.76
Boguchany,0,RU,1586800064,87,58.38,97.45,33.3,3.42
Fort Saint James,70,CA,1586800066,55,54.43,-124.25,38.62,1.01
Pastos Bons,66,BR,1586800068,72,-6.6,-44.08,83.86,4.45
Chernyshevskiy,94,RU,1586800069,85,63.01,112.47,31.21,2.44
Alofi,87,NU,1586800070,94,-19.06,-169.92,71.6,2.24
Northam,0,GB,1586800071,59,51.03,-4.22,55.0,8.99
Harboøre,33,DK,1586800072,56,56.62,8.18,44.01,26.4
Nago,90,JP,1586800073,48,26.59,127.98,62.6,17.22
Umluj,0,SA,1586800074,56,25.02,37.27,73.49,8.3
Basoko,97,CD,1586800077,68,1.24,23.62,77.63,0.65
San Cristobal,20,VE,1586800078,46,7.77,-72.22,93.2,11.41
Vallenar,0,CL,1586800079,18,-28.57,-70.76,80.56,9.69
Nyurba,0,RU,1586800080,96,63.28,118.33,23.29,1.86
Flin Flon,40,CA,1586800081,55,54.77,-101.86,10.4,13.87
Lhokseumawe,100,ID,1586799973,79,5.18,97.15,80.13,4.23
Rio Grande,93,BR,1586799860,57,-32.03,-52.1,80.6,8.05
Duki,1,PK,1586800084,18,30.15,68.57,76.69,3.42
Port Lincoln,13,AU,1586799838,46,-34.73,135.87,65.61,9.19
Chapais,90,CA,1586800062,93,49.78,-74.85,37.4,18.34
Lasem,72,ID,1586800088,80,-6.69,111.45,79.5,4.21
Husavik,20,IS,1586800089,50,66.04,-17.34,51.8,31.09
Kargil,79,IN,1586800090,25,34.57,76.1,33.26,3.8
Linden,75,GY,1586800091,55,6.0,-58.3,89.6,13.87
La Ronge,20,CA,1586800092,55,55.1,-105.28,8.6,11.41
Copiapó,0,CL,1586800093,52,-27.37,-70.33,69.8,11.41
Erenhot,65,CN,1586800094,25,43.65,111.98,49.91,8.81
Kashgar,84,CN,1586800095,14,39.45,75.98,62.6,6.71
Tianpeng,40,CN,1586800096,82,30.99,103.94,59.0,2.62
Urubichá,32,BO,1586800097,43,-15.38,-62.95,91.36,6.49
Dongsheng,94,CN,1586800099,24,39.82,109.98,48.97,15.9
